-- MySQL dump 10.13  Distrib 8.0.32, for macos13 (arm64)
--
-- Host: localhost    Database: galeeza
-- ------------------------------------------------------
-- Server version	8.0.32

/*!40101 SET @OLD_CHARACTER_SET_CLIENT=@@CHARACTER_SET_CLIENT */;
/*!40101 SET @OLD_CHARACTER_SET_RESULTS=@@CHARACTER_SET_RESULTS */;
/*!40101 SET @OLD_COLLATION_CONNECTION=@@COLLATION_CONNECTION */;
/*!50503 SET NAMES utf8mb4 */;
/*!40103 SET @OLD_TIME_ZONE=@@TIME_ZONE */;
/*!40103 SET TIME_ZONE='+00:00' */;
/*!40014 SET @OLD_UNIQUE_CHECKS=@@UNIQUE_CHECKS, UNIQUE_CHECKS=0 */;
/*!40014 SET @OLD_FOREIGN_KEY_CHECKS=@@FOREIGN_KEY_CHECKS, FOREIGN_KEY_CHECKS=0 */;
/*!40101 SET @OLD_SQL_MODE=@@SQL_MODE, SQL_MODE='NO_AUTO_VALUE_ON_ZERO' */;
/*!40111 SET @OLD_SQL_NOTES=@@SQL_NOTES, SQL_NOTES=0 */;

--
-- Table structure for table `categories`
--

DROP TABLE IF EXISTS `categories`;
/*!40101 SET @saved_cs_client     = @@character_set_client */;
/*!50503 SET character_set_client = utf8mb4 */;
CREATE TABLE `categories` (
  `id` int NOT NULL AUTO_INCREMENT,
  `id_type` int NOT NULL,
  `category` char(40) NOT NULL,
  PRIMARY KEY (`id`),
  KEY `id_type` (`id_type`),
  CONSTRAINT `categories_ibfk_1` FOREIGN KEY (`id_type`) REFERENCES `types` (`id`)
) ENGINE=InnoDB AUTO_INCREMENT=19 DEFAULT CHARSET=utf8mb4 COLLATE=utf8mb4_0900_ai_ci;
/*!40101 SET character_set_client = @saved_cs_client */;

--
-- Dumping data for table `categories`
--

LOCK TABLES `categories` WRITE;
/*!40000 ALTER TABLE `categories` DISABLE KEYS */;
INSERT INTO `categories` VALUES (1,2,'tourism'),(2,2,'museums'),(3,2,'sports'),(4,2,'music'),(5,2,'shopping'),(6,2,'parks'),(7,2,'group_act'),(8,2,'kids_act'),(9,2,'night'),(10,2,'religion'),(11,1,'steakhouse'),(12,1,'sea_food'),(13,1,'dietary'),(14,1,'veg'),(15,1,'pizza_pasta'),(16,1,'fast_food'),(17,1,'regional'),(18,1,'cafe');
/*!40000 ALTER TABLE `categories` ENABLE KEYS */;
UNLOCK TABLES;

--
-- Table structure for table `chosen_categories`
--

DROP TABLE IF EXISTS `chosen_categories`;
/*!40101 SET @saved_cs_client     = @@character_set_client */;
/*!50503 SET character_set_client = utf8mb4 */;
CREATE TABLE `chosen_categories` (
  `id` int NOT NULL AUTO_INCREMENT,
  `id_category` int NOT NULL,
  `id_user` int NOT NULL,
  PRIMARY KEY (`id`),
  KEY `id_category` (`id_category`),
  KEY `id_user` (`id_user`),
  CONSTRAINT `chosen_categories_ibfk_1` FOREIGN KEY (`id_category`) REFERENCES `categories` (`id`),
  CONSTRAINT `chosen_categories_ibfk_2` FOREIGN KEY (`id_user`) REFERENCES `users` (`id`)
) ENGINE=InnoDB AUTO_INCREMENT=44 DEFAULT CHARSET=utf8mb4 COLLATE=utf8mb4_0900_ai_ci;
/*!40101 SET character_set_client = @saved_cs_client */;

--
-- Dumping data for table `chosen_categories`
--

LOCK TABLES `chosen_categories` WRITE;
/*!40000 ALTER TABLE `chosen_categories` DISABLE KEYS */;
INSERT INTO `chosen_categories` VALUES (1,1,2),(2,2,2),(3,5,2),(4,6,2),(5,10,2),(6,14,2),(7,15,2),(8,18,2),(9,6,4),(10,14,4),(11,1,5),(12,2,5),(13,5,5),(14,6,5),(15,10,5),(16,14,5),(17,15,5),(18,17,5),(19,18,5),(20,1,6),(21,2,6),(22,6,6),(23,10,6),(24,14,6),(25,15,6),(26,17,6),(27,18,6),(28,1,7),(29,2,7),(30,6,7),(31,10,7),(32,14,7),(33,15,7),(34,17,7),(35,18,7),(36,1,8),(37,2,8),(38,6,8),(39,10,8),(40,14,8),(41,15,8),(42,17,8),(43,18,8);
/*!40000 ALTER TABLE `chosen_categories` ENABLE KEYS */;
UNLOCK TABLES;

--
-- Table structure for table `days`
--

DROP TABLE IF EXISTS `days`;
/*!40101 SET @saved_cs_client     = @@character_set_client */;
/*!50503 SET character_set_client = utf8mb4 */;
CREATE TABLE `days` (
  `id` int NOT NULL AUTO_INCREMENT,
  `id_plan` int NOT NULL,
  `place_1` int DEFAULT NULL,
  `place_2` int DEFAULT NULL,
  `place_3` int DEFAULT NULL,
  `place_4` int DEFAULT NULL,
  PRIMARY KEY (`id`),
  KEY `id_plan` (`id_plan`),
  KEY `id_attract_1` (`place_1`),
  KEY `id_attract_2` (`place_2`),
  KEY `id_attract_3` (`place_3`),
  KEY `id_attract_4` (`place_4`),
  CONSTRAINT `days_ibfk_1` FOREIGN KEY (`id_plan`) REFERENCES `plans` (`id`),
  CONSTRAINT `days_ibfk_2` FOREIGN KEY (`place_1`) REFERENCES `places` (`id`),
  CONSTRAINT `days_ibfk_3` FOREIGN KEY (`place_2`) REFERENCES `places` (`id`),
  CONSTRAINT `days_ibfk_4` FOREIGN KEY (`place_3`) REFERENCES `places` (`id`),
  CONSTRAINT `days_ibfk_5` FOREIGN KEY (`place_4`) REFERENCES `places` (`id`)
) ENGINE=InnoDB AUTO_INCREMENT=103 DEFAULT CHARSET=utf8mb4 COLLATE=utf8mb4_0900_ai_ci;
/*!40101 SET character_set_client = @saved_cs_client */;

--
-- Dumping data for table `days`
--

LOCK TABLES `days` WRITE;
/*!40000 ALTER TABLE `days` DISABLE KEYS */;
INSERT INTO `days` VALUES (1,1,36,218,42,246),(2,1,42,7,18,241),(3,2,190,419,421,198),(4,2,419,455,442,465),(5,2,215,427,430,419),(6,3,338,341,139,339),(7,3,341,139,338,339),(8,3,341,139,339,338),(9,3,341,338,139,339),(10,3,338,139,341,339),(11,3,339,139,338,341),(12,3,338,139,341,339),(13,3,139,338,339,341),(14,3,339,341,139,338),(15,3,338,139,339,341),(16,3,341,338,339,139),(17,3,339,341,338,139),(18,3,341,139,339,338),(19,3,339,338,341,139),(20,3,341,139,339,338),(21,5,222,14,10,19),(22,5,21,222,20,14),(23,7,179,379,163,383),(24,7,163,383,379,179),(25,7,385,379,409,163),(26,9,193,205,191,192),(27,9,205,192,191,193),(28,9,192,193,191,205),(29,9,205,192,191,193),(30,12,60,253,255,NULL),(31,12,60,255,253,NULL),(32,13,65,107,NULL,NULL),(33,13,65,107,NULL,NULL),(34,14,60,253,255,NULL),(35,14,253,255,60,NULL),(36,14,253,60,255,NULL),(37,14,60,255,253,NULL),(38,14,253,255,60,NULL),(39,14,255,60,253,NULL),(40,15,107,65,NULL,NULL),(41,15,65,107,NULL,NULL),(42,16,65,107,NULL,NULL),(43,16,107,65,NULL,NULL),(44,16,107,65,NULL,NULL),(45,16,107,65,NULL,NULL),(46,17,163,383,409,385),(47,17,163,379,385,383),(48,1,25,18,245,246),(49,1,228,218,7,36),(50,19,68,80,77,88),(51,19,103,87,88,109),(52,20,401,166,154,388),(53,20,154,185,388,416),(54,20,177,411,392,370),(55,21,25,241,18,36),(56,21,7,245,18,241),(57,21,218,6,44,18),(58,21,6,246,228,223),(59,21,218,44,18,245),(60,22,282,56,64,263),(61,22,266,254,268,252),(62,22,263,258,56,64),(63,23,250,6,232,227),(64,23,217,223,6,25),(65,23,227,18,246,241),(66,23,237,6,243,45),(67,23,220,246,226,18),(68,23,7,226,36,231),(69,24,109,297,86,80),(70,24,292,297,302,80),(71,24,109,300,87,288),(72,24,110,88,109,293),(73,24,292,306,300,103),(74,24,293,296,297,285),(75,24,288,77,68,87),(76,24,88,77,292,288),(77,24,87,292,110,80),(78,25,241,230,25,36),(79,25,245,243,221,44),(80,25,227,6,231,221),(81,26,148,145,364,340),(82,26,336,148,143,364),(83,26,323,346,355,352),(84,26,145,334,114,351),(85,27,245,231,220,227),(86,27,241,231,237,246),(87,27,230,229,44,237),(88,27,231,7,219,245),(89,28,327,127,325,129),(90,28,345,327,325,357),(91,28,130,141,145,336),(92,28,345,127,327,147),(93,28,132,357,131,336),(94,29,218,223,250,229),(95,29,18,219,230,221),(96,29,36,226,25,245),(97,29,25,231,228,218),(98,29,241,36,220,18),(99,30,124,141,149,346),(100,30,319,117,131,132),(101,30,334,137,127,117),(102,30,130,113,318,334);
/*!40000 ALTER TABLE `days` ENABLE KEYS */;
UNLOCK TABLES;

--
-- Table structure for table `places`
--

DROP TABLE IF EXISTS `places`;
/*!40101 SET @saved_cs_client     = @@character_set_client */;
/*!50503 SET character_set_client = utf8mb4 */;
CREATE TABLE `places` (
  `id` int NOT NULL AUTO_INCREMENT,
  `id_cat` int NOT NULL,
  `name` varchar(100) NOT NULL,
  `address` varchar(150) NOT NULL,
  `city` varchar(25) NOT NULL,
  `price_level` varchar(10) NOT NULL,
  PRIMARY KEY (`id`),
  KEY `id_cat_1` (`id_cat`),
  CONSTRAINT `places_ibfk_1` FOREIGN KEY (`id_cat`) REFERENCES `categories` (`id`)
) ENGINE=InnoDB AUTO_INCREMENT=466 DEFAULT CHARSET=utf8mb4 COLLATE=utf8mb4_0900_ai_ci;
/*!40101 SET character_set_client = @saved_cs_client */;

--
-- Dumping data for table `places`
--

LOCK TABLES `places` WRITE;
/*!40000 ALTER TABLE `places` DISABLE KEYS */;
INSERT INTO `places` VALUES (1,1,'Chateau of Vincennes','Avenue de Paris, 94300 Vincennes France','Paris','low'),(2,1,'Montmartre','75018 Paris France','Paris','low'),(3,1,'Sainte-Chapelle','8 Boulevard du Palais, 75001 Paris France','Paris','low'),(4,1,'Palais Garnier','Place de l_Opera entrance at the corner of Scribe and Auber streets, 75009 Paris France','Paris','low'),(5,1,'Arc de Triomphe','Place Charles de Gaulle, 75008 Paris France','Paris','low'),(6,2,'Musee d\'Orsay','1 Rue De La Legion d\'Honneur, 75007 Paris France','Paris','medium'),(7,1,'Louvre Museum','99 rue de Rivoli, 75001 Paris France','Paris','medium'),(8,1,'Eiffel Tower','5 Avenue, 75007 Paris France','Paris','low'),(9,1,'Cathedrale Notre-Dame de Paris','6 Parvis Notre-Dame Place Jean-Paul II, 75004 Paris France','Paris','low'),(10,6,'Square Carnot','Avenue Daumesnil Esplanade du chateau de Vincennes, 75012 Vincennes France','Paris','low'),(11,1,'Le Marais','Le Marais 3e Arrondissement, 75003 Paris France','Paris','low'),(12,5,'Porte de Clignancourt','150 rue des Rosiers, 93400 Saint Ouen France','Paris','low'),(13,2,'Musee Marmottan Monet','2 rue Louis Boilly 16th Arrondissement, 75016 Paris France','Paris','low'),(14,6,'Seine River','75001 Paris France','Paris','low'),(15,1,'Pantheon','Place du Pantheon, 75005 Paris France','Paris','low'),(16,1,'Saint Germain des Pres Quarter','Place St-Germain-des-Pres, 75006 Paris France','Paris','low'),(17,1,'Basilique du Sacre-Coeur de Montmartre','35 Rue du Chevalier-De-La-Barre, 75018 Paris France','Paris','low'),(18,2,'Musee Rodin','79 rue de Varenne close to Bois de Boulogne, 75007 Paris France','Paris','medium'),(19,6,'Luxembourg Gardens','Rue de Medicis Rue de Vaugirard, 75006 Paris France','Paris','low'),(20,6,'Parc des Buttes-Chaumont','1 rue Botzaris, 75019 Paris France','Paris','low'),(21,6,'Jardin des Tuileries','Pl  de la Concorde, 75001 Paris France','Paris','low'),(22,2,'Musee du Parfum - Fragonard','9 rue Scribe, 75009 Paris France','Paris','low'),(23,1,'Latin Quarter','75005 Paris France','Paris','low'),(24,5,'Marche de La Tourelle','Place Gallieni et avenue de Paris, 94160 Saint-Mande France','Paris','low'),(25,2,'Atelier des Lumieres','38 rue Saint Maur, 75011 Paris France','Paris','medium'),(26,1,'Pont Alexandre III','Pont Alexandre III Quai d\'Orsay, 75008 Paris France','Paris','low'),(27,5,'Galeries Lafayette Paris Haussmann','40 Boulevard Haussmann, 75009 Paris France','Paris','high'),(28,2,'Musee de l’Armee des Invalides','129 rue de Grenelle Hotel National des Invalides, 75007 Paris France','Paris','low'),(29,1,'Observatoire Panoramique de la Tour Montparnasse','33 avenue du Maine, 75015 Paris France','Paris','low'),(30,1,'Ile Saint-Louis','44 rue Saint Louis en L Ile, 75004 Paris France','Paris','low'),(31,2,'Musee des Arts Forains','53 avenue des Terroirs de France, 75012 Paris France','Paris','low'),(32,2,'Petit Palais','Avenue Winston-Churchill, 75008 Paris France','Paris','low'),(33,1,'Eglise Notre-Dame de Saint-Mande','84 avenue du General de Gaulle, 94160 Saint-Mande France','Paris','low'),(34,2,'Musee du quai Branly - Jacques Chirac','37 quai Branly, 75007 Paris France','Paris','low'),(35,1,'Place des Vosges','Place des Vosges 4th Arrondissement, 75004 Paris France','Paris','low'),(36,2,'Fondation Louis Vuitton','8 avenue du Mahatma Gandhi, 75116 Paris France','Paris','medium'),(37,2,'Musee Jacquemart-Andre','158 boulevard Haussmann, 75008 Paris France','Paris','low'),(38,1,'Monument aux Morts','Place Charles Digeon, 94160 Saint-Mande France','Paris','low'),(39,1,'Pere-Lachaise Cemetery','8 Boulevard de Menilmontant, 75020 Paris France','Paris','low'),(40,6,'Parc Monceau','35 boulevard de Courcelles, 75008 Paris France','Paris','low'),(41,1,'Hotel de Ville','Place de l\'Hotel de Ville Entrée au 5 rue Lobeau ou au 29 rue de Rivoli, 75004 Paris France','Paris','low'),(42,5,'Dali Paris','11, rue Poulbot, 75018 Paris France','Paris','medium'),(43,1,'Ile de la Cite','Ile de la Cite, 75001 Paris France','Paris','low'),(44,2,'Musee des Arts et Metiers','60 rue Reaumur, 75003 Paris France','Paris','medium'),(45,1,'Centre Pompidou','Place Georges Pompidou, 75004 Paris France','Paris','medium'),(46,1,'Towers of Notre-Dame Cathedral','Rue du Cloitre Notre-Dame, 75004 Paris France','Paris','low'),(47,2,'Musee Nissim de Camondo','63 rue de Monceau, 75008 Paris France','Paris','low'),(48,1,'Champs-Elysees','Avenue des Champs Elysees, 75008 Paris France','Paris','high'),(49,1,'Chapelle Notre Dame de la Medaille Miraculeuse','140 rue du Bac, 75007 Paris France','Paris','low'),(50,1,'The Metropolitan Museum of Art','1000 5th Ave, New York City, NY 10028-0198','New York City','low'),(51,1,'One World Observatory','285 Fulton St One World Trade Center, New York City, NY 10007-0089','New York City','low'),(52,1,'Manhattan Skyline','New York City, NY 11201','New York City','low'),(53,1,'Empire State Building','20 West 34th Street, New York City, NY 10001','New York City','low'),(54,1,'Brooklyn Bridge','New York City, NY 10038','New York City','low'),(55,1,'The High Line','Gansevoort St To W  30 St  Between Washington St  and 11 Ave, New York City, NY 10011','New York City','low'),(56,1,'The National 9/11 Memorial   Museum','180 Greenwich St World Trade Center, New York City, NY 10007-0089','New York City','medium'),(57,1,'Statue of Liberty','Liberty Island, New York City, NY 10004','New York City','low'),(58,1,'Top of the Rock','30 Rockfeller Plaza Enter on West 50th Street, between 5th   6th Avenues, New York City, NY 10111','New York City','low'),(59,1,'Central Park','59th to 110th Street Manhattan Borough, from Central Park West to 5th Avenue, New York City, NY 10022','New York City','low'),(60,6,'Bryant Park','between 40th and 42nd Streets   Fifth and Sixth Ave, New York City, NY 10017','New York City','low'),(61,1,'Radio City Music Hall','1260 6th Avenue Between 50th and 51st Streets, New York City, NY 10020','New York City','low'),(62,1,'Grand Central Terminal','89 E 42nd Street, New York City, NY 10017-5503','New York City','low'),(63,1,'Rockefeller Center','45 Rockefeller Plaza Rockefeller Centre, New York City, NY 10111-0100','New York City','low'),(64,5,'The Met Cloisters','99 Margaret Corbin Drive Fort Tryon Park, New York City, NY 10040','New York City','medium'),(65,6,'Oasi Naturista Capocotta','Via Litoranea Km 9 400, 00122 Lido di Ostia Italy','Rome','low'),(66,1,'Ancient Rome','Rome, Italy','Rome','low'),(67,1,'Basilica di Santa Maria Maggiore','Piazza di Santa Maria Maggiore 42, 00185 Rome Italy','Rome','low'),(68,2,'Palazzo Pamphilj','Piazza Umberto Pilozzi 9, 00038 Valmontone Italy','Rome','medium'),(69,1,'Roman Forum','Largo della Salara Vecchia 5/6, 00186 Rome Italy','Rome','low'),(70,1,'St  Peter\'s Basilica','Piazza San Pietro, 00120 Vatican City Italy','Rome','low'),(71,1,'Palatine Hill','Piazza Santa Maria Nova, 53, 00186 Rome Italy','Rome','low'),(72,1,'Pantheon','Piazza della Rotonda, 00186 Rome Italy','Rome','low'),(73,1,'Piazza Navona','00186 Rome Italy','Rome','low'),(74,1,'Colosseum','Piazza del Colosseo, 00184 Rome Italy','Rome','low'),(75,1,'Domus Aurea','Viale della Domus Aurea 1, 00184 Rome Italy','Rome','low'),(76,1,'Cupola di San Pietro','Piazza san Pietro, 00120 Vatican City Italy','Rome','low'),(77,2,'Musei Capitolini','Piazza del Campidoglio 1, 00186 Rome Italy','Rome','medium'),(78,1,'Museo Nazionale di Castel Sant\'Angelo','Lungotevere Castello 50, 00193 Rome Italy','Rome','low'),(79,1,'Vatican City','Piazza San Pietro, 00120 Vatican City Italy','Rome','low'),(80,2,'Galleria Borghese','Piazzale del Museo Borghese 5, 00197 Rome Italy','Rome','medium'),(81,1,'Trastevere','00153 Rome Italy','Rome','low'),(82,1,'Trevi Fountain','Piazza di Trevi, 00187 Rome Italy','Rome','low'),(83,1,'Villa Borghese','P zzale del Museo Borghese, 00155 Rome Italy','Rome','low'),(84,1,'La Pieta','Chapel of the Pieta Basilica Di San Pietro, Vatican City Italy','Rome','low'),(85,2,'Palazzo Colonna - Galleria Colonna','Via della Pilotta 17, 00187 Rome Italy','Rome','low'),(86,2,'Museo Nazionale Romano - Palazzo Massimo alle Terme','Largo di Villa Peretti 2 Museo Nazionale Romano, 00185 Rome Italy','Rome','medium'),(87,1,'Sistine Chapel','Viale Vaticano, 00165 Vatican City Italy','Rome','medium'),(88,1,'Palazzo Doria Pamphilj','Via del Corso 305, 00186 Rome Italy','Rome','medium'),(89,1,'Basilica of San Clemente','Via Labicana 95, 00184 Rome Italy','Rome','low'),(90,1,'Piazza Venezia','Piazza Venezia, 00187 Rome Italy','Rome','low'),(91,1,'Arcibasilica di San Giovanni in Laterano','Piazza di Porta San Giovanni, 4, 00184 Rome Italy','Rome','low'),(92,1,'Centro Storico','00185 Rome Italy','Rome','low'),(93,1,'St  Peter\'s Square','Piazza San Pietro, 00120 Vatican City Italy','Rome','low'),(94,1,'Church of St  Louis of the French','Piazza San Luigi de\' Francesi, 00186 Rome Italy','Rome','low'),(95,1,'Palazzo Massimo di Rignano Colonna','Via del Teatro di Marcello 2, 00186, Marino Italy','Rome','low'),(96,1,'Monumento a Vittorio Emanuele II','Piazza Venezia, 00186 Rome Italy','Rome','low'),(97,1,'Piazza del Popolo','Piazza del Popolo, 00187 Rome Italy','Rome','low'),(98,1,'Terme di Caracalla','Viale delle Terme di Caracalla 52, 00153 Rome Italy','Rome','low'),(99,1,'Santa Maria della Vittoria','Via Venti Settembre 17 Chiesa di Santa Maria della Vittoria, 00187 Rome Italy','Rome','low'),(100,1,'Via Francigena','Gallicano nel Lazio Italy','Rome','low'),(101,1,'Santuario Madonna Di Ceri','Piazza Immacolata 38, 00052 Ceri, Cerveteri Italy','Rome','low'),(102,1,'San Pietro in Vincoli','Piazza di San Pietro in Vincoli 4/a, 00184 Rome Italy','Rome','low'),(103,1,'Le Domus Romane di Palazzo Valentini','Foro Traiano 85, 00187 Rome Italy','Rome','medium'),(104,1,'Chiesa di Sant\'Ignazio di Loyola','Piazza Sant\'Ignazio, 00186 Rome Italy','Rome','low'),(105,1,'Santa Maria in Trastevere','Piazza Santa Maria in Trastevere, 00153 Rome Italy','Rome','low'),(106,1,'Basilica Papale San Paolo Fuori le Mura','Piazzale di San Paolo 1, 00146 Rome Italy','Rome','low'),(107,6,'Cala \'e Moro','08013, Bosa, Sardinia Italy','Rome','low'),(108,1,'Piazza di Spagna','Piazza di Spagna, Rome Italy','Rome','low'),(109,1,'Vatican Museums','Viale Vaticano, 00120 Vatican City Italy','Rome','medium'),(110,2,'Museo Nazionale Etrusco di Villa Giulia','Piazzale di Villa Giulia 9, 00196 Rome Italy','Rome','medium'),(111,1,'Torre Argentina Cat Sanctuary','Largo di Torre Argentina In corner take iron steps down, 00000001 Rome Italy','Rome','low'),(112,1,'East Side Gallery','Muehlenstrasse 3-100 Friedrichshain-Kreuzberg, 14167 Berlin Germany','Berlin','low'),(113,2,'Topography of Terror','Niederkirchnerstrasse 8, 10963 Berlin Germany','Berlin','medium'),(114,1,'Museum Island','Breite Street, 13089 Berlin Germany','Berlin','medium'),(115,1,'Memorial of the Berlin Wall','Bernauer Strasse 111, 13355 Berlin Germany','Berlin','low'),(116,1,'Berliner Dom','Am Lustgarten, 10178 Berlin Germany','Berlin','low'),(117,1,'Friedrichstadt-Palast','Friedrichstr  107, 10117 Berlin Germany','Berlin','medium'),(118,1,'Reichstag Building','Platz der Republik 1, 10557 Berlin Germany','Berlin','low'),(119,1,'The Holocaust Memorial - Memorial to the Murdered Jews of Europe','Cora-Berliner-Strasse 1, 10117 Berlin Germany','Berlin','low'),(120,2,'Pergamonmuseum','Bodestrasse 1-3, 10178 Berlin Germany','Berlin','medium'),(121,1,'Brandenburg Gate','Pariser Platz, 10117 Berlin Germany','Berlin','low'),(122,8,'Zoo Berlin','Hardenbergplatz 8, 10787 Berlin Germany','Berlin','low'),(123,1,'Gendarmenmarkt','Gendarmenmarkt, 10117 Berlin Germany','Berlin','low'),(124,2,'Gemaldegalerie','Matthaeikirchplatz, 10785 Berlin Germany','Berlin','medium'),(125,2,'Neues Museum','Bodestrasse 1-3, 10178 Berlin Germany','Berlin','medium'),(126,1,'Charlottenburg Palace','Spandauer Damm 20-24 Luisenplatz, 14059 Berlin Germany','Berlin','low'),(127,2,'Classic Remise Berlin','Wiebestr  36 - 37, 10553 Berlin Germany','Berlin','medium'),(128,1,'Olympiastadion Berlin','Olympischer Platz 3, 14053 Berlin Germany','Berlin','low'),(129,1,'Deutsches Historisches Museum','Unter den Linden 2, 10117 Berlin Germany','Berlin','medium'),(130,2,'German Museum of Technology','Trebbiner Str  9, 10963 Berlin Germany','Berlin','medium'),(131,6,'Tiergarten','Strasse des 17  Juni 100, 10557 Berlin Germany','Berlin','medium'),(132,2,'Museum fuer Naturkunde Berlin','Invalidenstrasse 43, 10115 Berlin Germany','Berlin','medium'),(133,2,'Palace of Tears','Reichstagufer 17 Mitte, 10117 Berlin Germany','Berlin','medium'),(134,1,'Berlin-Hohenschonhausen Memorial','Genslerstrasse 66, 13055 Berlin Germany','Berlin','low'),(135,1,'Prenzlauer Berg','10435 Berlin Germany','Berlin','low'),(136,2,'German Spy Museum Berlin','Leipziger Platz 9, 10117 Berlin Germany','Berlin','medium'),(137,2,'Stasimuseum','Ruschestrasse 103 House 1, 10365 Berlin Germany','Berlin','medium'),(138,1,'Kaiser Wilhelm Memorial Church','Breitscheidplatz, 10789 Berlin Germany','Berlin','low'),(139,6,'Treptower Park','Puschkinallee Parking: what3words ///kennen strick dulden, 12435 Berlin Germany','Berlin','low'),(140,1,'Victory Column (Siegessaule)','Grosser Stern 1, 10557 Berlin Germany','Berlin','low'),(141,1,'Berliner Philharmonie','Herbert-von-Karajan-Str  1, 10785 Berlin Germany','Berlin','medium'),(142,1,'Kreuzberg','Berlin Germany','Berlin','low'),(143,2,'Urban Nation','Buelowstrasse 7, 10783 Berlin Germany','Berlin','medium'),(144,5,'Die Hackeschen Hoefe','Rosenthaler Str  40/41 Hakerscher Markt, 10178 Berlin Germany','Berlin','low'),(145,2,'Berlin Story Bunker','Schoeneberger Str  23a, 10963 Berlin Germany','Berlin','medium'),(146,5,'Kaufhaus des Westens (KaDeWe)','Tauentzienstr  21 - 24, 10789 Berlin Germany','Berlin','low'),(147,2,'DDR Museum','Karl-Liebknecht-Str  1 Direkt an der Spree, opposite of Berliner Dom, 10178 Berlin Germany','Berlin','medium'),(148,1,'Museumsdienst Berlin','Platz der Luftbrucke 5, 12101 Berlin Germany','Berlin','medium'),(149,2,'Bode Museum','Am Kupfergraben Entrance over the Monbijou Bridge, 10117 Berlin Germany','Berlin','medium'),(150,1,'Mitte','Berlin Germany','Berlin','low'),(151,1,'Basilica de Santa Maria del Mar','Placa Santa Maria 1, 08003 Barcelona Spain','Barcelona','low'),(152,1,'Rabbies to Montserrat','SL, Ptge  Maluquer 22, 08022, Montserrat Spain','Barcelona','low'),(153,1,'Casa Mila - La Pedrera','Passeig de Gracia, 92, 08008 Barcelona Spain','Barcelona','low'),(154,5,'Mercat de la Boqueria','La Rambla, 91, 08001 Barcelona Spain','Barcelona','medium'),(155,1,'Casa Batllo','Passeig de Gracia, 43, 08007 Barcelona Spain','Barcelona','low'),(156,1,'Esglesia de Sant Felix','Carrer Sant Feliu, 3, Granollers Spain','Barcelona','low'),(157,1,'Palace of Catalan Music','Carrer Palau de la Musica, 4-6, 08003 Barcelona Spain','Barcelona','medium'),(158,1,'Basilica de la Sagrada Familia','Carrer de Mallorca, 401, 08013 Barcelona Spain','Barcelona','low'),(159,1,'Gothic Quarter (Barri Gotic)','Mediterranean Seafront to Ronda de Sant Pere, Ciutat Vella, 08002 Barcelona Spain','Barcelona','low'),(160,1,'Camp Nou','Carrer d\'Aristides Maillol, 12, 08028 Barcelona Spain','Barcelona','low'),(161,1,'Recinte Modernista de Sant Pau','Sant Antoni Maria Claret, 167, 08025 Barcelona Spain','Barcelona','low'),(162,2,'CosmoCaixa','Isaac Newton, 26, 08022 Barcelona Spain','Barcelona','medium'),(163,6,'Parc de la Ciutadella','Passeig de Picasso, 21, 08003 Barcelona Spain','Barcelona','low'),(164,1,'Palau Guell','Carrer Nou de la Rambla 3-5, 08001 Barcelona Spain','Barcelona','low'),(165,1,'Passeig de Gracia','Barcelona Spain','Barcelona','low'),(166,2,'Parc de Montjuic','Avinguda del Castell, Barcelona Spain','Barcelona','medium'),(167,2,'Museu Nacional d\'Art de Catalunya - MNAC','Palau Nacional  Parc de Montjuic Palau Nacional, 08038 Barcelona Spain','Barcelona','medium'),(168,1,'Casa Vicens','Carrer de les Carolines, 20-26, 08012 Barcelona Spain','Barcelona','medium'),(169,1,'Barcelona Cathedral','Pla de la Seu, S/N, 08002 Barcelona Spain','Barcelona','low'),(170,1,'The Magic Fountain','Placa Carles Buigas 1, 08038 Barcelona Spain','Barcelona','low'),(171,1,'L\'Eixample District','La Exaimple -- Center City, 08011 Barcelona Spain','Barcelona','low'),(172,1,'Templo del Sagrado Corazon de Jesus','Cumbre del Tibidabo Serra de Collserola Natural Park, 08035 Barcelona Spain','Barcelona','low'),(173,1,'Placa d\'Espanya','Barcelona Spain','Barcelona','low'),(174,2,'Erotic Museum of Barcelona (Museu de l\'Erotica)','La Rambla 96, 08002 Barcelona Spain','Barcelona','medium'),(175,1,'Joan Miro Foundation','Parc de Montjuic, s/n, 08038 Barcelona Spain','Barcelona','medium'),(176,1,'Monestir de Santa Maria de Lluca','Carrer de Lluca, 08514 Lluca Spain','Barcelona','low'),(177,2,'Museu Picasso','Carrer Montcada, 15-23, 08003 Barcelona Spain','Barcelona','medium'),(178,1,'El Born','La Ribera, Ciutat Vella, 08003 Barcelona Spain','Barcelona','low'),(179,6,'Parc Guell','Carrer d\'Olot, 5, 08024 Barcelona Spain','Barcelona','low'),(180,2,'Museu d\'Historia de Barcelona - MUHBA','Placa del Rei, S/N Barri Gotic, 08002 Barcelona Spain','Barcelona','medium'),(181,1,'Palau Dalmases','Carrer de Montcada 20, 08003 Barcelona Spain','Barcelona','medium'),(182,1,'Montjuic Castle','Carretera de Montjuic, 66, 08038 Barcelona Spain','Barcelona','low'),(183,1,'Torre De Les Aigues De Dos Rius','Carretera de Vallvidrera al Tibidabo, 107, 08035 Barcelona Spain','Barcelona','low'),(184,1,'Placa Reial','Placa Reial, 08002 Barcelona Spain','Barcelona','low'),(185,2,'Hash Marihuana   Hemp Museum','Carrer Ample 35, 08002 Barcelona Spain','Barcelona','medium'),(186,8,'Parc d’Atraccions Tibidabo','Pl  del Tibidabo, 3-4, 08035 Barcelona Spain','Barcelona','medium'),(187,5,'Mercat Santa Caterina','Avinguda de Francesc Cambo 16, 08003 Barcelona Spain','Barcelona','medium'),(188,1,'Casa Amatller','Passeig de Gracia, 41, 08007 Barcelona Spain','Barcelona','low'),(189,1,'Barri de Gracia','Barri de Gracia Gracia, Barcelona Spain','Barcelona','low'),(190,2,'Edo-Tokyo Museum','1-4-1 Yokoami, Sumida 130-0015 Tokyo Prefecture','Tokyo','medium'),(191,6,'Ueno Park','Uenokoen, Taito 110-0007 Tokyo Prefecture','Tokyo','low'),(192,6,'Shinjuku Gyoen National Garden','11 Naito-machi, Shinjuku 160-0014 Tokyo Prefecture','Tokyo','low'),(193,6,'Tama River','205-0001 Tokyo Prefecture','Tokyo','low'),(194,1,'Sumidagawa River Terrace','Both Side of Sumidagawa River Tokyo Prefecture','Tokyo','low'),(195,1,'Asakusa','Asakusa, Taito Tokyo Prefecture','Tokyo','low'),(196,1,'Meiji Jingu Shrine','1-1 Yoyogi-Kamizono-cho, Shibuya 151-8857 Tokyo Prefecture','Tokyo','low'),(197,8,'Yomiuri Land','4015-1 Yanokuchi, 206-8725 Tokyo Prefecture','Tokyo','medium'),(198,1,'Tokyo National Museum','13-9, Uenokoen, Taito 110-0007 Tokyo Prefecture','Tokyo','medium'),(199,1,'Ginza','Ginza, Chuo 104-0061 Tokyo Prefecture','Tokyo','low'),(200,2,'Mori Art Museum','6-10-1 Roppongi Hills Mori Tower 53F, Roppongi, Minato 106-6150 Tokyo Prefecture','Tokyo','medium'),(201,1,'Tokyo Metropolitan Government Buildings','2-8-1, Nishishinjuku, Shinjuku 163-8001 Tokyo Prefecture','Tokyo','low'),(202,1,'Tokyo Tower','4-chome 2-8, Shibakoen, Minato 105-0011 Tokyo Prefecture','Tokyo','low'),(203,1,'Tokyo Skytree','1 Chome-1-2, Oshiage, Sumida 131-8634 Tokyo Prefecture','Tokyo','low'),(204,1,'Azuma Bridge','Tokyo Prefecture','Tokyo','low'),(205,6,'Hama Rikyu Gardens','1-1 Hamarikyu Teien, Chuo 104-0046 Tokyo Prefecture','Tokyo','low'),(206,1,'Odaiba District','Daiba, Minato 135-0091 Tokyo Prefecture','Tokyo','low'),(207,1,'Senso-ji Temple','2-3-1, Asakusa, Taito 111-0032 Tokyo Prefecture','Tokyo','low'),(208,1,'Yasukuni Shrine','3-1-1 Kudankita, Chiyoda 102-8246 Tokyo Prefecture','Tokyo','low'),(209,1,'Nezu Shrine','1-28-9, Nezu, Bunkyo 113-0031 Tokyo Prefecture','Tokyo','low'),(210,2,'The National Art Center, Tokyo','7-22-2, Roppongi, Minato 106-0032 Tokyo Prefecture','Tokyo','medium'),(211,1,'Tokyo City View Observation Deck (Roppongihills)','6-10-1, Roppongi, Minato 106-6182 Tokyo Prefecture','Tokyo','low'),(212,1,'Shibuya Crossing','2 Chome-2-1 Dogenzaka, Shibuya 150-0043 Tokyo Prefecture','Tokyo','low'),(213,1,'Tokyo Central Railway Station','1-9-1, Marunouchi, Chiyoda 100-0005 Tokyo Prefecture','Tokyo','low'),(214,1,'Akihabara','Sotokanda, Chiyoda 101-0021 Tokyo Prefecture','Tokyo','low'),(215,2,'Nezu Museum','6-5-1 Minamiaoyama, Minato 107-0062 Tokyo Prefecture','Tokyo','medium'),(216,1,'Chidorigafuchi','1-1 Kitanomarukoen, Chiyoda 102-0091 Tokyo Prefecture','Tokyo','low'),(217,17,'Il Etait Un Square','54 rue Corvisart, 75013 Paris France','Paris','medium'),(218,14,'Nell\'Arte','58 rue Marguerite de Rochechouart, 75009 Paris France','Paris','medium'),(219,17,'Alix et Mika','37 rue Lamarck, 75018 Paris France','Paris','medium'),(220,17,'Gosier','27 rue Rodier, 75009 Paris France','Paris','medium'),(221,17,'Bistrot Instinct','19 rue de Picardie, 75003 Paris France','Paris','medium'),(222,14,'Da Giuseppe','76 rue du Faubourg Poissonniere, 75010 Paris France','Paris','low'),(223,14,'Frog XVI','110 B avenue Kleber, 75116 Paris France','Paris','medium'),(224,17,'114 Faubourg','114 rue du Faubourg Saint Honore, 75008 Paris France','Paris','high'),(225,17,'Cavale','40 rue des Petites Ecuries, 75010 Paris France','Paris','low'),(226,17,'Les Apotres de Pigalle','2 rue Germain Pilon, 75018 Paris France','Paris','medium'),(227,17,'Zincou Vins   Tapas','50 rue Blanche, 75009 Paris France','Paris','medium'),(228,14,'New Jawad Longchamp','30 rue de Longchamp, 75116 Paris France','Paris','medium'),(229,17,'Chefs a Table','15 rue Trousseau, 75011 Paris France','Paris','medium'),(230,17,'Perlimpinpin','121 rue de Rome, 75017 Paris France','Paris','medium'),(231,17,'Poni','24 rue Saint Lazare, 75009 Paris France','Paris','medium'),(232,17,'Verse Toujours','3 avenue des Gobelins, 75005 Paris France','Paris','medium'),(233,17,'Pur\' - Jean-Francois Rouquette','5 Rue de la Paix Park Hyatt Paris, 75002 Paris France','Paris','high'),(234,12,'EatWith: Jean Yves of Chef Jean-Yves\' Table','75011 Paris France','Paris','high'),(235,14,'Boutary','25 rue Mazarine, 75006 Paris France','Paris','high'),(236,17,'Miura','15, rue de l\'Arc de Triomphe, 75017 Paris France','Paris','high'),(237,17,'Au P\'tit Curieux','27 rue de Sambre Et Meuse, 75010 Paris France','Paris','medium'),(238,17,'Maison Cluny','3 rue de Cluny, 75005 Paris France','Paris','low'),(239,11,'Le Village Russe','21 quai D Austerlitz 1-2 Place Holmes, 75013 Paris France','Paris','medium'),(240,12,'Bao   ME','89 rue du Faubourg Poissonniere, 75009 Paris France','Paris','low'),(241,14,'Pizzeria Arrivederci','47 rue Gay Lussac, 75005 Paris France','Paris','medium'),(242,17,'Alliance','5 rue de Poissy, 75005 Paris France','Paris','high'),(243,17,'Pardi','85 B boulevard de Magenta Marché Saint Quentin, 75010 Paris France','Paris','medium'),(244,17,'ASPIC','24 rue de la Tour D Auvergne, 75009 Paris France','Paris','high'),(245,15,'Terra Mia','118 boulevard du Montparnasse, 75014 Paris France','Paris','medium'),(246,15,'Domenico\'s','8 rue Saint Lazare, 75009 Paris France','Paris','medium'),(247,12,'Bistrot Kinzo','13 rue Rougemont, 75009 Paris France','Paris','high'),(248,17,'La Table de Colette','17 rue Laplace La Table de colette, 75005 Paris France','Paris','high'),(249,12,'Issa Paris','4 rue du petit Moine, 75005 Paris France','Paris','medium'),(250,17,'Aux Enfants Gates','4 rue Danville 75014, 75014 Paris France','Paris','medium'),(251,14,'La Grande Boucherie','145 W 53rd St, New York City, NY 10019-6005','New York City','high'),(252,14,'Boucherie West Village','99 7th Ave S, New York City, NY 10014-3415','New York City','medium'),(253,14,'Bleecker Street Pizza','69 7th Ave S at Bleecker Street Pizza, New York City, NY 10014-4043','New York City','low'),(254,18,'Angelina Bakery NYC','575 8th Ave Between 38th   39th Street, New York City, NY 10018-3011','New York City','medium'),(255,14,'Angelina Bakery Times Square','1675 Broadway Broadway   52nd Street, New York City, NY 10019-5820','New York City','low'),(256,13,'Boucherie Union Square','225 Park Avenue South, New York City, NY 10003-1604','New York City','high'),(257,17,'Club A Steakhouse','240 E 58th St, New York City, NY 10022-2001','New York City','high'),(258,15,'Piccola Cucina Estiatorio','75 Thompson St, New York City, NY 10012-4345','New York City','medium'),(259,15,'Zeppola Bakery','499 7th Ave, New York City, NY 10018-6803','New York City','low'),(260,15,'Olio e Piu','3 Greenwich Ave, New York City, NY 10014','New York City','medium'),(261,16,'Los Tacos No  1','229 W 43rd St, New York City, NY 10036-3982','New York City','low'),(262,15,'SottoCasa Pizzeria','227 Lenox Ave, New York City, NY 10027-6542','New York City','medium'),(263,14,'EatWith: Diana of New York City','New York City, NY','New York City','medium'),(264,14,'Spot Dessert Bar','13 St Marks Place between 2nd   3rd Ave, New York City, NY 10003-7807','New York City','medium'),(265,17,'Levain Bakery - Harlem','2167 Frederick Douglass Blvd at 117th Street, New York City, NY 10026','New York City','medium'),(266,14,'Spice Symphony','150 E 50th St Between Lexington   3rd Avenue, New York City, NY 10022-9500','New York City','medium'),(267,12,'Mei Jin Ramen','1574 2nd Ave, New York City, NY 10028-2617','New York City','medium'),(268,14,'The Consulate','519 Columbus Ave, New York City, NY 10024-3402','New York City','medium'),(269,17,'Levain Bakery - 74th Street','167 W 74th St At Amsterdam Avenue, New York City, NY 10023-2216','New York City','low'),(270,11,'Petite Boucherie','14 Christopher St, New York City, NY 10014-3523','New York City','medium'),(271,12,'Jungsik','2 Harrison St, New York City, NY 10013-2810','New York City','high'),(272,15,'Pisillo Italian Panini','97 Nassau St 97 Nassau Street, New York City, NY 10038-2703','New York City','low'),(273,15,'Piccola Cucina Osteria','196 Spring St Soho, New York City, NY 10012-3621','New York City','medium'),(274,17,'Bagels   Schmear','116 E 28th St, New York City, NY 10016-8402','New York City','low'),(275,15,'Faicco\'s Pork Store','260 Bleecker St, New York City, NY 10014-4128','New York City','low'),(276,18,'Mille-Feuille Bakery','552 Laguardia Pl between 3rd Street   Bleecker, New York City, NY 10012-1459','New York City','medium'),(277,17,'Liberty Bagels Midtown','260 W 35th St, New York City, NY 10001-2503','New York City','low'),(278,18,'Frisson Espresso','326 W 47th St Between 9th Avenue   8th Avenue in Hell\'s Kitchen, New York City, NY 10036-3115','New York City','low'),(279,17,'K Rico Steakhouse','772 9th Ave, New York City, NY 10019-6327','New York City','medium'),(280,13,'Loi Estiatorio','132 W 58th St, New York City, NY 10019-2135','New York City','medium'),(281,12,'Bua Thai Ramen   Robata Grill','1611 2nd Ave Between 83rd   84th Street on Upper East Side, New York City, NY 10028','New York City','medium'),(282,15,'Numero 28 Pizzeria','28 Carmine St, New York City, NY 10014-4437','New York City','medium'),(283,15,'Scalini Fedeli','165 Duane St, New York City, NY 10013-3332','New York City','high'),(284,12,'Pure Thai Cookhouse','766 9th Avenue W51-52 St, New York City, NY 10019-6323','New York City','medium'),(285,17,'Bufalero','Via Passo del Turchino 18, 00139 Rome Italy','Rome','medium'),(286,16,'Mi\'Ndujo - Ponte Milvio','Piazzale di Ponte Milvio 2 / 3, 00135 Rome Italy','Rome','medium'),(287,17,'Sweet Life Gelateria Pasticceria Artigianale','Corso Vittorio Emanuele II 270, 00186 Rome Italy','Rome','low'),(288,17,'DOC  Cruderia EnoBistrot','Via Pietro Manzi 1 Angolo Viale Trastevere, 00153 Rome Italy','Rome','medium'),(289,17,'EatWith: Stefano of Rome','Rome Italy','Rome','low'),(290,17,'Bono Bottega Nostrana - San Pietro','Via di Porta Cavalleggeri 109/111, 00165 Rome Italy','Rome','low'),(291,17,'Vulio','Via Degli Scipioni 55, 00192 Rome Italy','Rome','low'),(292,17,'RIONE XIV bistrot','Borgo Pio 21 San Pietro, 00193 Rome Italy','Rome','medium'),(293,17,'Il Bazar dello Zucchero','Via di San Tommaso d\'Aquino 103 Next to Corte d\'Appello, 00136 Rome Italy','Rome','medium'),(294,18,'TreCaffe Gianicolense','Circonvallazione Gianicolense 155 Corner Via Jenner - piazza San Giovanni Di Dio, 00152 Rome Italy','Rome','low'),(295,17,'Pinsitaly Trevi','Via della Panetteria 12, 00187 Rome Italy','Rome','low'),(296,17,'StuPisci','Via Bellinzona 11 Dietro Piazza Istria, 00198 Rome Italy','Rome','medium'),(297,17,'Quel Che C\'e Laboratorio di Cucina','Via Torino 129, 00184 Rome Italy','Rome','medium'),(298,17,'Ristorante Crispi 19','Via Francesco Crispi 19 RM, 00187 Rome Italy','Rome','high'),(299,17,'Lyo','Via Catania 28 Palazzo Taverna, 00161 Rome Italy','Rome','medium'),(300,17,'Sesamo Trastevere','Viale di Trastevere 83, 00153 Rome Italy','Rome','medium'),(301,16,'Porcadella','Via Marcantonio Colonna 42, 00192 Rome Italy','Rome','low'),(302,17,'Trecaffe Leone IV','Via Leone IV 10, 00192 Rome Italy','Rome','medium'),(303,18,'Gelateria Il Dolce Sorriso','Via Torcegno 41, 00124 Rome Italy','Rome','low'),(304,13,'Fuorinorma','Via Dei Serpenti 178 a 50 metri da via Cavour, 00184 Rome Italy','Rome','low'),(305,16,'Mi\'ndujo - Monti','Via Dei Serpenti 9, 00184 Rome Italy','Rome','medium'),(306,17,'Arrosticinando','Via Erik Satie 14 Castel Fusano, 00124 Rome Italy','Rome','medium'),(307,12,'La Fata Ignorante - Rooftop Restaurant   Bar','Via Firenze, 8, 00184 Rome Italy','Rome','medium'),(308,17,'Osteria Da Fortunata - Baullari','Via Dei Baullari 112, 00186 Rome Italy','Rome','low'),(309,17,'Oikos Trattoria Moderna','Via Flaminia Nuova 230/232, 00191 Rome Italy','Rome','low'),(310,17,'Ad Hoc Ristorante (Piazza del Popolo)','Via Ripetta 43, 00186 Rome Italy','Rome','high'),(311,16,'Two Sizes -Tiramisu in Rome-','Via del Governo Vecchio 88, 00186 Rome Italy','Rome','low'),(312,17,'Pizza   Sandwich da Pasquale','Via del Mascherino 74, 00193 Rome Italy','Rome','low'),(313,12,'Rame Sushi Naturale Italiano','Via Folco Portinari 33 Monteverde, 00151 Rome Italy','Rome','medium'),(314,17,'Er Pizzicarolo','Vicolo del Cinque 39, 00153 Rome Italy','Rome','low'),(315,17,'La Nicchia Cafe','Via Cipro 4L, 00136 Rome Italy','Rome','low'),(316,17,'EGG','Vicolo del Farinone 25/A, 00193 Rome Italy','Rome','low'),(317,18,'Ataya Caffe','Zelterstr  6, 10439 Berlin Germany','Berlin','low'),(318,15,'Ristorante A MANO','Strausberger Platz 2, 10243 Berlin Germany','Berlin','medium'),(319,14,'Burger Turm','Turmstrasse 49, 10551 Berlin Germany','Berlin','medium'),(320,18,'Pinch','Gabriele-Tergit-Promenade 21 (Eingang über Köthenerstr), 10963 Berlin Germany','Berlin','low'),(321,13,'Haveli','Regensburger Str  7, 10777 Berlin Germany','Berlin','medium'),(322,13,'happies','Dunckerstr  85, 10437 Berlin Germany','Berlin','low'),(323,17,'Hackethals','Pflugstrasse 11, 10115 Berlin Germany','Berlin','medium'),(324,18,'Cafe Couscous - Vege','Friedrichstr  115, 10117 Berlin Germany','Berlin','low'),(325,17,'Clubrestaurant am Wannsee','Scabellstr  10-11, 14109 Berlin Germany','Berlin','medium'),(326,18,'Fancy Donuts Kudamm','Kurfurstendamm 16, 10719 Berlin Germany','Berlin','low'),(327,17,'Restaurant Buschbeck\'s','Trendelenburgstr  14, 14057 Berlin Germany','Berlin','medium'),(328,13,'Naveenapath','Tegeler Str  22, 13353 Berlin Germany','Berlin','low'),(329,16,'Rueyam Gemuese Kebab','Hauptstr  133, 10827 Berlin Germany','Berlin','low'),(330,13,'Skykitchen','Landsberger Allee 106 im andel\'s Hotel Berlin, 10369 Berlin Germany','Berlin','high'),(331,18,'Hasty Pastry','Bayreuther Str  6, 10787 Berlin Germany','Berlin','low'),(332,13,'Indisches Restaurant Maharadscha','Fuggerstr  21 Corner Martin-Luther-Strasse, 10777 Berlin Germany','Berlin','medium'),(333,13,'CEDRE BLANC','Nehringstrasse 34 Corner Neufertstrasse, 14059 Berlin Germany','Berlin','medium'),(334,14,'El Loco','Freiheit 5, 12555 Berlin Germany','Berlin','medium'),(335,16,'Vedang - plant burger (Alexa)','Grunerstr  20 Alexa Foodcourt 2, 10179 Berlin Germany','Berlin','low'),(336,14,'Sapori di Casa','Wilsnacker Str  61, 10559 Berlin Germany','Berlin','medium'),(337,17,'100 Gramm Bar','Weinbergsweg 25, 10119 Berlin Germany','Berlin','medium'),(338,14,'Vedang - plant burger (Mall of Berlin)','Leipziger Platz 12 Mall of Berlin, 10117 Berlin Germany','Berlin','low'),(339,14,'Eispatisserie Hokey Pokey','Stargarder Str  72, 10437 Berlin Germany','Berlin','low'),(340,14,'Pequena Habana Restaurant Berlin','Eisenacher Str  48, 10823 Berlin Germany','Berlin','medium'),(341,14,'Salamat','Gartenstr  1 S Nordbahnhof - Payment only in cash or with german debit cards, 10115 Berlin Germany','Berlin','low'),(342,18,'Flamingo Fresh Food Bar','Neustadtische Kirchstrasse 8, 10117 Berlin Germany','Berlin','low'),(343,17,'Restaurant Bieberbau','Durlacher Str  15, 10715 Berlin Germany','Berlin','high'),(344,11,'EBERT Restaurant   Bar','Eisenzahnstrasse 59, 10709 Berlin Germany','Berlin','medium'),(345,14,'MontRaw Restaurant','Torstr  189, 10115 Berlin Germany','Berlin','medium'),(346,15,'Focaccino','Stuttgarter Platz 16 Charlottenburg,Wilmesdorf, 10627 Berlin Germany','Berlin','medium'),(347,15,'Trattoria Portofino','Gubener Str  48, 10243 Berlin Germany','Berlin','low'),(348,12,'Goji','Motzstrasse 58, 10777 Berlin Germany','Berlin','low'),(349,13,'Vedis','Schoenhauser Allee 142, 10437 Berlin Germany','Berlin','medium'),(350,12,'La Caleta','Wielandstr  26, 10707 Berlin Germany','Berlin','medium'),(351,17,'Gasthaus Kater Alex','Kaiser-Friedrich-Str  29, 10585 Berlin Germany','Berlin','medium'),(352,15,'La Gondola Due','Beerenstr  57, 14163 Berlin Germany','Berlin','medium'),(353,11,'Fes - Turkish BBQ','Hasenheide 58, 10967 Berlin Germany','Berlin','medium'),(354,13,'Restaurant Facil','Potsdamer Str  3 Im The Mandala Hotel, 10785 Berlin Germany','Berlin','high'),(355,15,'Ristorante Peperoncino','Urbanstr  137, 10967 Berlin Germany','Berlin','medium'),(356,13,'Lorenz Adlon Esszimmer','Unter den Linden 77 Hotel Adlon Kempinski, 10117 Berlin Germany','Berlin','high'),(357,17,'Zur Haxe','Erich-Weinert-Str  128, 10409 Berlin Germany','Berlin','medium'),(358,13,'Maison Umami','Schlesische Str  5, 10997 Berlin Germany','Berlin','medium'),(359,17,'Kurpfalz-Weinstuben','Wilmersdorfer Str  93 10629 Berlin, 10629 Berlin Germany','Berlin','medium'),(360,13,'Quy Nguyen Vegan Living','Oranienburger Str  7, 10178 Berlin Germany','Berlin','low'),(361,18,'Wonder Waffel Berlin','Adalbertstrasse 88, 10997 Berlin Germany','Berlin','medium'),(362,15,'Ristorante   Vinobar CaliBocca','Schluterstrasse 30, 10629 Berlin Germany','Berlin','medium'),(363,16,'Upper Burger Grill','Rankestr  3, 10789 Berlin Germany','Berlin','medium'),(364,15,'Ristorante Cinque','Reinhardtstrasse 27D, 10117 Berlin Germany','Berlin','medium'),(365,13,'Heising','Rankestrasse 32, 10789 Berlin Germany','Berlin','high'),(366,13,'Namaste','Pariser Str  56, 10719 Berlin Germany','Berlin','medium'),(367,12,'Desoriente','Carrer De Ramon Turro 209, 08005 Barcelona Spain','Barcelona','low'),(368,17,'Xera Restaurant','Calle De Les Sitges 10,barcelona, 08001 Barcelona Spain','Barcelona','high'),(369,16,'La Gastronomica Burgers','Carrer Vilamari 9-15, 08015 Barcelona Spain','Barcelona','medium'),(370,14,'We love italy, Pasta   Pizza, Restaurante Barcelona','Carrer Del Bruc 162 near to Casa de les Punxes, 08037 Barcelona Spain','Barcelona','medium'),(371,14,'Vrutal','Rambla del Poblenou No 16 Bajos 4, 08005 Barcelona Spain','Barcelona','medium'),(372,13,'La Gastronomica Platillos','Carrer de Calabria, 118, 08015 Barcelona Spain','Barcelona','medium'),(373,14,'La Patsa Lab','Calle Casanova 94, 08011 Barcelona Spain','Barcelona','medium'),(374,17,'Blu Bar','Rambla de Poblenou, 11 Esquina con Taulat, 08005 Barcelona Spain','Barcelona','medium'),(375,14,'BelleBuon','Travessera de Gracia, 441, 08025 Barcelona Spain','Barcelona','medium'),(376,14,'Le Romane','Carrer Muntaner 103, 08011 Barcelona Spain','Barcelona','medium'),(377,11,'La Parrillada','Carrer de Salamanca, 1, 08003 Barcelona Spain','Barcelona','medium'),(378,13,'Faire Brunch   Drinks','Carrer de Girona, 81, 08009 Barcelona Spain','Barcelona','medium'),(379,14,'Bella Italia','Carrer de Roger de Lluria, 87 Esq  Valencia, 08009 Barcelona Spain','Barcelona','low'),(380,18,'Lato Cafe - Breakfast Brunch y Ceviches','Carrer del Bruc, 118, 08009 Barcelona Spain','Barcelona','medium'),(381,11,'9 Nine','Carrer Valencia 334, 08009 Barcelona Spain','Barcelona','medium'),(382,13,'Con Gracia','Martinez de la Rosa 8, 08012 Barcelona Spain','Barcelona','high'),(383,14,'Off-Street','Carrer De Teodor Llorente 29, 08041 Barcelona Spain','Barcelona','low'),(384,18,'Zenith Brunch   Cocktails','Gran Via de les Corts Catalanes, 633, 08010 Barcelona Spain','Barcelona','medium'),(385,14,'Tino, esto no es una pizzeria','Calle de Corsega, 225, 08036 Barcelona Spain','Barcelona','low'),(386,18,'Cremat Lounge','Carrer de la Diputacio, 200, 08011 Barcelona Spain','Barcelona','medium'),(387,17,'Bodega Oliva','C/ Del Vidre, 8, 08002 Barcelona Spain','Barcelona','low'),(388,14,'Prado de Flores','C/ Santa Anna , 11, 08002 Barcelona Spain','Barcelona','medium'),(389,14,'Babula Bar 1937','Calle Pau Claris 139, 08009 Barcelona Spain','Barcelona','medium'),(390,17,'Locavore Barcelona','Carrer D\'aribau, 151, 08036 Barcelona Spain','Barcelona','medium'),(391,14,'Dal Presidente Bar','Carrer de Calabria, 93, 08015 Barcelona Spain','Barcelona','medium'),(392,14,'Anema E Core','Carrer Rosello, 213, 08008 Barcelona Spain','Barcelona','medium'),(393,14,'Kiltro Restobar','Carrer del Montseny, 13 Local 2, 08012 Barcelona Spain','Barcelona','medium'),(394,12,'Jara Sushi Degustacion','Carrer De Padua, 84 Local 2, 08006 Barcelona Spain','Barcelona','medium'),(395,11,'Don Asador','Comte d_ urgell 111 111, 08011 Barcelona Spain','Barcelona','medium'),(396,15,'Don Kilo Gourmet','Carrer Corsega 398, 08037 Barcelona Spain','Barcelona','medium'),(397,18,'La Cala Barceloneta','Carrer de l\'Escar, 18, 08039 Barcelona Spain','Barcelona','low'),(398,14,'La Terraza De Anna By Vida Mona','Carrer Arago 271, 08007 Barcelona Spain','Barcelona','medium'),(399,14,'Paisano Bistro','Carrer Lepant, 277, 08013 Barcelona Spain','Barcelona','medium'),(400,13,'Swagatam Bar-Restaurant Hindu','Carrer de Sant Agusti, 10 Metro Diagonal, 08012 Barcelona Spain','Barcelona','medium'),(401,18,'Billy Brunch   Garden','C/ De Muntaner, 64, 08011 Barcelona Spain','Barcelona','medium'),(402,17,'Bar Xapako','Consell de Cent 411, 08009 Barcelona Spain','Barcelona','low'),(403,14,'Viana','Carrer del Vidre, 7, 08002 Barcelona Spain','Barcelona','medium'),(404,14,'Rudi of Pirate Cooking','Barcelona Spain','Barcelona','medium'),(405,14,'Taps','C/ Mare de Deu del Remei, 53, 08004 Barcelona Spain','Barcelona','medium'),(406,14,'Gusto','Carrer Rosello, 108, 08036 Barcelona Spain','Barcelona','medium'),(407,11,'b Restaurant','Carrer Rossello 24 Esquina Rocafort, 08029 Barcelona Spain','Barcelona','medium'),(408,17,'RAO Restaurant','Carrer de les Sitges, 3, 08001 Barcelona Spain','Barcelona','medium'),(409,14,'Un gelato per te','Carrer de Sant Felip Neri 1 Local, 08002 Barcelona Spain','Barcelona','low'),(410,14,'Bella Venezia','Carrer de Roger de Lluria, 114, 08037 Barcelona Spain','Barcelona','medium'),(411,18,'La Cava Cakery','Psg  Sant Joan 111, 08037 Barcelona Spain','Barcelona','medium'),(412,14,'Diegos Bar Restaurant','Avinguda Meridiana 127 Local 1 Entre C// Arago Y C// Valencia, 08026 Barcelona Spain','Barcelona','medium'),(413,18,'Cremat 11','Carrer Cremat Gran iXic 11, 08003 Barcelona Spain','Barcelona','medium'),(414,12,'Kimchi Mama','Carrer del Callao, 12, 08014 Barcelona Spain','Barcelona','medium'),(415,13,'Almalibre Acai House Barcelona','Girona 118, 08009 Barcelona Spain','Barcelona','low'),(416,18,'Billy Brunch','Carrer de Bailen 115, 08009 Barcelona Spain','Barcelona','medium'),(417,11,'Yakiniku a Five Toku Ginza8chome','8-3-1 Ginza Tokiden Bldg  9F, Ginza, Chuo 104-0061 Tokyo Prefecture','Tokyo','high'),(418,17,'Kinnotorikara Tokyo Shibuya Center Street','25-3 Udagawacho, Shibuya Tokyo Prefecture','Tokyo','low'),(419,18,'Kawai Maid Cafe   Bar Akiba Zettai Ryoiki','3-1-1 Sotokanda 1F Obayashi Bldg , Chiyoda 101-0021 Tokyo Prefecture','Tokyo','medium'),(420,13,'Ginza 300BAR 8-Chome','8-3-12 Ginza Kaga Bldg B1F, Ginza, Chuo 104-0061 Tokyo Prefecture','Tokyo','low'),(421,18,'Glutenfree Cafe Littlebird','1-1-20 Uehara JP Bldg  3F, Shibuya 151-0064 Tokyo Prefecture','Tokyo','medium'),(422,16,'Wagyu to Worldwide','2-12-7 Kachidoki, Chuo 104-0054 Tokyo Prefecture','Tokyo','medium'),(423,17,'Hakushu - Kobe Teppanyaki','17-10 Sakuragaokacho MCD Bldg  B1F, Shibuya 150-0031 Tokyo Prefecture','Tokyo','high'),(424,18,'Sakura Cafe Jimbocho','2-21-4 Kandajinbocho, Chiyoda 101-0051 Tokyo Prefecture','Tokyo','low'),(425,17,'Kyo CHABANA Shinjuku Toho Bldg  branch','1-19-1 Shinjuku Toho Bldg  1F, Kabukicho, Shinjuku 160-0021 Tokyo Prefecture','Tokyo','medium'),(426,13,'Cedros','1-32-3 Ebisunishi D Tradgard Daikanyama, Shibuya 150-0021 Tokyo Prefecture','Tokyo','medium'),(427,18,'Turret Coffee','2-12-6, Tsukiji, Chuo 104-0045 Tokyo Prefecture','Tokyo','medium'),(428,14,'Towers','9-7-1 The Ritz-Carlton, Tokyo 45F, Akasaka, Minato 107-6245 Tokyo Prefecture','Tokyo','high'),(429,14,'NARISAWA','2-6-15 Minami Aoyama, Minato 107-0062 Tokyo Prefecture','Tokyo','high'),(430,18,'maidreamin Akihabara Idol Street Store','4-4-2 Sotokanda Kyoei-sotokanda-daiichi BLDG 4F, Chiyoda 101-0021 Tokyo Prefecture','Tokyo','medium'),(431,17,'Flower Wall Mone','5-3 Takayama Land Kaikan B1F, Shinjuku 3 Chome, Shinjuku 160-0022 Tokyo Prefecture','Tokyo','low'),(432,17,'Tatsunoya Shinjuku Otakibashidori','7-4-5 Fujino Bldg  1F, Nishishinjuku, Shinjuku 160-0023 Tokyo Prefecture','Tokyo','medium'),(433,17,'Kyushu Jangara Ramen, Akihabara Honten','3-11-6 Sotokanda, Chiyoda 101-0021 Tokyo Prefecture','Tokyo','medium'),(434,17,'Sushiryori Inose','2-20-2 Higashigotanda 1f, Shinagawa Tokyo Prefecture','Tokyo','medium'),(435,17,'Kuriya','1-15-8 Maruo Bldg  B1F, Kabukicho, Shinjuku 160-0021 Tokyo Prefecture','Tokyo','medium'),(436,13,'Hanno Daidokoro Bettei','2-29-8 Dogenzaka Dogenzaka Center Bldg 7F, Shibuya 150-0043 Tokyo Prefecture','Tokyo','medium'),(437,13,'Karashibimisoramen Kikanbo, Kanda','2-10-9 Kajicho, Chiyoda 101-0044 Tokyo Prefecture','Tokyo','medium'),(438,17,'Sakuratei','3-20-1 Jingumae, Shibuya 150-0001 Tokyo Prefecture','Tokyo','medium'),(439,17,'T\'s TanTan Tokyostation','1-9-1 Keiyo Street, Marunouchi, Chiyoda Tokyo Prefecture','Tokyo','medium'),(440,17,'Music Bar ROCKAHOLIC Shibuya','11-1 Udagawacho Ryuko Bldg  Annex B1F, Shibuya 150-0042 Tokyo Prefecture','Tokyo','low'),(441,13,'Gyopao Gyoza Shinjuku','3-35-13 Shinjuku 3F, Shinjuku 160-0022 Tokyo Prefecture','Tokyo','medium'),(442,14,'Downtown B’s Indian Kitchen','3-4-2 Coop Nomura Roppongi 1F, Roppongi, Minato 106-0032 Tokyo Prefecture','Tokyo','medium'),(443,17,'Gyopao Gyoza Roppongi','4-9-8, Roppongi, Minato 106-0032 Tokyo Prefecture','Tokyo','medium'),(444,17,'NINJA Cafe   Bar','3-27-14 Nishiasakusa 1F, Taito 111-0035 Tokyo Prefecture','Tokyo','medium'),(445,13,'star star','17-10 Sakuragaokacho Yoshino Bldg  3F, Shibuya 150-0031 Tokyo Prefecture','Tokyo','medium'),(446,17,'Ise Sueyoshi','4-2-15 Mizuno Bldg  3F, Nishiazabu, Minato 106-0031 Tokyo Prefecture','Tokyo','high'),(447,13,'Mugi no Oto','1-12-15 Shinjuku 7th Bldg  B1, Kabukicho, Shinjuku 160-0021 Tokyo Prefecture','Tokyo','medium'),(448,17,'Nihonshu Genka Sakagura Shinjuku East Entrance','5-3 Takayama Land Kaikan B2F, Shinjuku 3 Chome, Shinjuku 160-0022 Tokyo Prefecture','Tokyo','medium'),(449,17,'Jiromaru Akihabara','1-2-3 Sotokanda, Chiyoda 101-0021 Tokyo Prefecture','Tokyo','medium'),(450,17,'Gyukatsu Motomura Harajuku','3-23-2 Jingumae Jingumae NS Bldg  B1, Shibuya 150-0001 Tokyo Prefecture','Tokyo','medium'),(451,17,'Ninja Shinjuku Ajito (moved to akasaka)','1-11-11 Kono Bldg  B1F, Nishishinjuku, Shinjuku 160-0023 Tokyo Prefecture','Tokyo','high'),(452,11,'Han no Daidokoro Kadochika','2-28-5 Dogenzaka Shuei Bldg B1F, Shibuya 150-0043 Tokyo Prefecture','Tokyo','medium'),(453,15,'Trattoria Dai Paesani','2-18-19 Nishi Waseda, Shinjuku 169-0051 Tokyo Prefecture','Tokyo','medium'),(454,17,'Nabezo Shibuya Koendori','20-15 Udagawacho Humax Pavilion Shibuya Koen St  8F, Shibuya 150-0042 Tokyo Prefecture','Tokyo','medium'),(455,18,'Gluten Free T\'s Kitchen','7-8-5 2F, Roppongi, Minato 106-0032 Tokyo Prefecture','Tokyo','medium'),(456,17,'Burger Revolution Tokyo Wine   Bar Roppongi','5-9-22, Roppongi, Minato 106-0032 Tokyo Prefecture','Tokyo','high'),(457,11,'Han no Daidokoro Honten','2-29-13 Dogenzaka Wakatsuki Bldg 1F, Shibuya 150-0043 Tokyo Prefecture','Tokyo','high'),(458,17,'Nabezo Shibuya Center-gai','31-2Udagawacho Shibuya Beam 6F, Shibuya 150-0042 Tokyo Prefecture','Tokyo','medium'),(459,17,'0% Non-Alcohol Experience','5-2-4 ANB Tokyo 1F, Roppongi, Minato 106-0032 Tokyo Prefecture','Tokyo','low'),(460,17,'Nabezo Shinjuku Meijidori','5-4 7F, Shinjuku 3 Chome, Shinjuku 160-0022 Tokyo Prefecture','Tokyo','medium'),(461,17,'Tapas Molecular Bar','2-1-1 Nihonbashi Muromachi 38F, Mandarin Oriental Tokyo, Chuo 103-8328 Tokyo Prefecture','Tokyo','high'),(462,17,'Ginza 300BAR 5-Chome','5-9-11 Fazenda Bldg  B1F, Ginza, Chuo 104-0061 Tokyo Prefecture','Tokyo','medium'),(463,17,'Teppan Baby Shinjuku','1-17-4 Pocket Bldg  B1F, Kabukicho, Shinjuku 160-0021 Tokyo Prefecture','Tokyo','medium'),(464,17,'Nabezo Shinjuku-Sanchome','30-11 8F Shinjuku Shinjuku Takano Dai2 Bldg, Shinjuku 3 Chome, Shinjuku 160-0022 Tokyo Prefecture','Tokyo','medium'),(465,18,'Honey Toast Cafe Akihabara','1-1-10 Sotokanda 1F, Chiyoda 101-0021 Tokyo Prefecture','Tokyo','medium');
/*!40000 ALTER TABLE `places` ENABLE KEYS */;
UNLOCK TABLES;

--
-- Table structure for table `plans`
--

DROP TABLE IF EXISTS `plans`;
/*!40101 SET @saved_cs_client     = @@character_set_client */;
/*!50503 SET character_set_client = utf8mb4 */;
CREATE TABLE `plans` (
  `id` int NOT NULL AUTO_INCREMENT,
  `city` varchar(150) NOT NULL,
  `arrival` date NOT NULL,
  `departure` date NOT NULL,
  `days` int NOT NULL,
  `id_user` int NOT NULL,
  PRIMARY KEY (`id`),
  KEY `id_user` (`id_user`),
  CONSTRAINT `plans_ibfk_1` FOREIGN KEY (`id_user`) REFERENCES `users` (`id`)
) ENGINE=InnoDB AUTO_INCREMENT=31 DEFAULT CHARSET=utf8mb4 COLLATE=utf8mb4_0900_ai_ci;
/*!40101 SET character_set_client = @saved_cs_client */;

--
-- Dumping data for table `plans`
--

LOCK TABLES `plans` WRITE;
/*!40000 ALTER TABLE `plans` DISABLE KEYS */;
INSERT INTO `plans` VALUES (1,'Paris','2023-04-05','2023-04-07',2,2),(2,'Tokyo','2023-04-20','2023-04-23',3,2),(3,'Berlin','2023-04-13','2023-04-28',15,4),(4,'New York City','2023-05-02','2023-05-06',4,4),(5,'Paris','2023-04-01','2023-04-03',2,4),(6,'New York City','2023-04-05','2023-04-08',3,4),(7,'Barcelona','2023-04-05','2023-04-08',3,4),(8,'Rome','2023-04-11','2023-04-13',2,4),(9,'Tokyo','2023-04-18','2023-04-22',4,4),(10,'New York City','2023-04-06','2023-04-08',2,4),(11,'New York City','2023-04-12','2023-04-23',11,4),(12,'New York City','2023-04-05','2023-04-07',2,4),(13,'Rome','2023-04-12','2023-04-14',2,4),(14,'New York City','2023-04-03','2023-04-09',6,4),(15,'Rome','2023-04-10','2023-04-12',2,4),(16,'Rome','2023-04-10','2023-04-14',4,4),(17,'Barcelona','2023-04-14','2023-04-16',2,4),(18,'Paris','2023-04-05','2023-04-07',2,2),(19,'Rome','2023-04-06','2023-04-08',2,2),(20,'Barcelona','2023-04-17','2023-04-20',3,2),(21,'Paris','2023-05-10','2023-05-15',5,2),(22,'New York City','2023-04-17','2023-04-20',3,2),(23,'Paris','2023-05-10','2023-05-16',6,5),(24,'Rome','2023-06-13','2023-06-22',9,5),(25,'Paris','2023-05-09','2023-05-12',3,6),(26,'Berlin','2023-06-06','2023-06-10',4,6),(27,'Paris','2023-05-10','2023-05-14',4,7),(28,'Berlin','2023-06-10','2023-06-15',5,7),(29,'Paris','2023-05-10','2023-05-15',5,8),(30,'Berlin','2023-06-20','2023-06-24',4,8);
/*!40000 ALTER TABLE `plans` ENABLE KEYS */;
UNLOCK TABLES;

--
-- Table structure for table `types`
--

DROP TABLE IF EXISTS `types`;
/*!40101 SET @saved_cs_client     = @@character_set_client */;
/*!50503 SET character_set_client = utf8mb4 */;
CREATE TABLE `types` (
  `id` int NOT NULL AUTO_INCREMENT,
  `type` char(40) NOT NULL,
  PRIMARY KEY (`id`)
) ENGINE=InnoDB AUTO_INCREMENT=3 DEFAULT CHARSET=utf8mb4 COLLATE=utf8mb4_0900_ai_ci;
/*!40101 SET character_set_client = @saved_cs_client */;

--
-- Dumping data for table `types`
--

LOCK TABLES `types` WRITE;
/*!40000 ALTER TABLE `types` DISABLE KEYS */;
INSERT INTO `types` VALUES (1,'restaurant'),(2,'attraction');
/*!40000 ALTER TABLE `types` ENABLE KEYS */;
UNLOCK TABLES;

--
-- Table structure for table `user_preferences`
--

DROP TABLE IF EXISTS `user_preferences`;
/*!40101 SET @saved_cs_client     = @@character_set_client */;
/*!50503 SET character_set_client = utf8mb4 */;
CREATE TABLE `user_preferences` (
  `id` int NOT NULL AUTO_INCREMENT,
  `cost_day` int NOT NULL,
  `id_user` int NOT NULL,
  PRIMARY KEY (`id`),
  UNIQUE KEY `id` (`id`),
  KEY `id_user` (`id_user`),
  CONSTRAINT `user_preferences_ibfk_1` FOREIGN KEY (`id_user`) REFERENCES `users` (`id`)
) ENGINE=InnoDB AUTO_INCREMENT=7 DEFAULT CHARSET=utf8mb4 COLLATE=utf8mb4_0900_ai_ci;
/*!40101 SET character_set_client = @saved_cs_client */;

--
-- Dumping data for table `user_preferences`
--

LOCK TABLES `user_preferences` WRITE;
/*!40000 ALTER TABLE `user_preferences` DISABLE KEYS */;
INSERT INTO `user_preferences` VALUES (1,59,2),(2,20,4),(3,65,5),(4,56,6),(5,56,7),(6,57,8);
/*!40000 ALTER TABLE `user_preferences` ENABLE KEYS */;
UNLOCK TABLES;

--
-- Table structure for table `users`
--

DROP TABLE IF EXISTS `users`;
/*!40101 SET @saved_cs_client     = @@character_set_client */;
/*!50503 SET character_set_client = utf8mb4 */;
CREATE TABLE `users` (
  `id` int NOT NULL AUTO_INCREMENT,
  `first_name` varchar(100) NOT NULL,
  `last_name` varchar(100) NOT NULL,
  `email` varchar(320) NOT NULL,
  `hash` char(60) NOT NULL,
  PRIMARY KEY (`id`)
) ENGINE=InnoDB AUTO_INCREMENT=9 DEFAULT CHARSET=utf8mb4 COLLATE=utf8mb4_0900_ai_ci;
/*!40101 SET character_set_client = @saved_cs_client */;

--
-- Dumping data for table `users`
--

LOCK TABLES `users` WRITE;
/*!40000 ALTER TABLE `users` DISABLE KEYS */;
INSERT INTO `users` VALUES (1,'Name','lastPassword123','test@test.com','$2b$12$RNLZZh6LgRQ8HEi.AC7OcertvTbXVPazNeCTn3ANCGsjewmWC3TLy'),(2,'test','namePassword123','test2@test.com','$2b$12$Mm2xB1eMUUk4lOa5VEmP.etqS20Eq4XptPWzVPqZaepWdFm1gqg8K'),(3,'baptiste','Password123','test3@test.com','$2b$12$qNc35v64MpPJgpL5YFx76e25.02/BryKmEim8/toL0PuUfjXmyGiC'),(4,'boutboul','boutboul','boutboul','$2b$12$jt8G/eaQg7L3t6b2RKtGa.39RubqPHUhJYDH1o4g8uFUSyby8KrPi'),(5,'Leonardo','daVinci','davinci@leo.com','$2b$12$sveTompieOSgoJ9lPoptw.kTaoVRQt0PIcx3qkFRd2gd1zGIJhNCq'),(6,'Leonardo','daVinci','vinci@test.com','$2b$12$0QGHC.zJbWYJ4OrDj4EiR.07OyRlSTAGOv/u87YpOZgnmfkRR9i3i'),(7,'Leonardo','daVinci','leo@vinci.com','$2b$12$mgUJf66A9LEsN6LwmFh8iOtjvCgEFc5oIWOG8bLb82eWs3KBTKF/e'),(8,'Leonardo','daVinci','vinci@leo.com','$2b$12$eO3By9iqy1hj3v3D1UUFn.bLBBSGZdyrueimMK3imbXW4EiXvl0TW');
/*!40000 ALTER TABLE `users` ENABLE KEYS */;
UNLOCK TABLES;
/*!40103 SET TIME_ZONE=@OLD_TIME_ZONE */;

/*!40101 SET SQL_MODE=@OLD_SQL_MODE */;
/*!40014 SET FOREIGN_KEY_CHECKS=@OLD_FOREIGN_KEY_CHECKS */;
/*!40014 SET UNIQUE_CHECKS=@OLD_UNIQUE_CHECKS */;
/*!40101 SET CHARACTER_SET_CLIENT=@OLD_CHARACTER_SET_CLIENT */;
/*!40101 SET CHARACTER_SET_RESULTS=@OLD_CHARACTER_SET_RESULTS */;
/*!40101 SET COLLATION_CONNECTION=@OLD_COLLATION_CONNECTION */;
/*!40111 SET SQL_NOTES=@OLD_SQL_NOTES */;

-- Dump completed on 2023-04-23 14:26:24
